{
    "toy.txt": {
        "n": 317080,
        "m": 1049866,
        "slem": 0.9973210880046631,
        "gap": 0.0026789119953368745,
        "method": "eigsh",
        "gold_ans": [
            3.8910448325291846,
            3.8910448325291846,
            3.8177821175184095,
            1.1768646442527655,
            1.0614824476645557,
            1.3034177315070126,
            1.793750397648694,
            0.8424885952599899,
            3.06450173332185,
            0.7132117719664139
        ],
        "gold_L": 80,
        "pairs": [
            [
                201979,
                220500
            ],
            [
                201979,
                220500
            ],
            [
                21225,
                135746
            ],
            [
                268055,
                254766
            ],
            [
                212302,
                159023
            ],
            [
                249874,
                187720
            ],
            [
                305860,
                114526
            ],
            [
                264601,
                73019
            ],
            [
                147764,
                73267
            ],
            [
                49718,
                131337
            ]
        ]
    },
    "dblp.txt": {
        "n": 317080,
        "m": 1049866,
        "slem": 0.9973210880046631,
        "gap": 0.0026789119953368745,
        "method": "eigsh",
        "gold_ans": [
            3.8910448325291846,
            3.8910448325291846,
            3.8177821175184095,
            1.1768646442527655,
            1.0614824476645557,
            1.3034177315070126,
            1.793750397648694,
            0.8424885952599899,
            3.06450173332185,
            0.7132117719664139
        ],
        "gold_L": 80,
        "pairs": [
            [
                201979,
                220500
            ],
            [
                201979,
                220500
            ],
            [
                21225,
                135746
            ],
            [
                268055,
                254766
            ],
            [
                212302,
                159023
            ],
            [
                249874,
                187720
            ],
            [
                305860,
                114526
            ],
            [
                264601,
                73019
            ],
            [
                147764,
                73267
            ],
            [
                49718,
                131337
            ]
        ]
    },
    "facebook.txt": {
        "n": 4039,
        "m": 88234,
        "slem": 0.9991634935432133,
        "gap": 0.0008365064567866787,
        "method": "eigsh",
        "gold_ans": [
            0.1852837807180671,
            0.15039967306052773,
            7.292378572575186,
            0.06458376269547964,
            0.1593719000215835,
            0.32641623886196297,
            0.2044552747639628,
            0.025041354640257717,
            0.03509022462652869,
            0.011812526412450801
        ],
        "gold_L": 200,
        "pairs": [
            [
                165,
                1060
            ],
            [
                3726,
                2181
            ],
            [
                4025,
                2888
            ],
            [
                3318,
                2465
            ],
            [
                3695,
                601
            ],
            [
                1270,
                404
            ],
            [
                2989,
                302
            ],
            [
                3681,
                3483
            ],
            [
                2801,
                1352
            ],
            [
                1933,
                2292
            ]
        ]
    },
    "lj.txt": {
        "n": 3997962,
        "m": 34681189,
        "slem": 0.9941813249413721,
        "gap": 0.005818675058627876,
        "method": "power",
        "gold_L": 50,
        "gold_ans": [
            0.09334326599354102,
            0.2765157750632056,
            0.00528768222399067,
            0.07763234474870843,
            5.240192991148993
        ],
        "pairs": [
            [
                2144441,
                2038128
            ],
            [
                422371,
                1483908
            ],
            [
                1821048,
                1326225
            ],
            [
                2562245,
                2686130
            ],
            [
                3829445,
                857641
            ]
        ]
    },
    "orkut.txt": {
        "n": 3072441,
        "m": 117185083,
        "slem": 0.994743104781608,
        "gap": 0.00525689521839201,
        "method": "power",
        "gold_L": 50,
        "gold_ans": [
            0.000502538460102355,
            0.0016597641605799506,
            0.007442485378084914,
            0.06633993690035081,
            0.00016191024195812994
        ],
        "pairs": [
            [
                1698416,
                1272185
            ],
            [
                58895,
                391210
            ],
            [
                3018660,
                1672787
            ],
            [
                2979018,
                2802437
            ],
            [
                2622554,
                4793
            ]
        ]
    },
    "youtube.txt": {
        "n": 1134890,
        "m": 2987624,
        "slem": 0.42197839712059054,
        "gap": 0.5780216028794094,
        "method": "power",
        "gold_ans": [
            4.166836388446635,
            1.3782360080467666,
            1.5887679861458792,
            1.043590483643599,
            1.2796716431458284,
            16.17155131442178,
            20.195525680232947,
            1.3112868848420125,
            2.040517857239676,
            4.682116505627445
        ],
        "gold_L": 50,
        "pairs": [
            [
                999496,
                750883
            ],
            [
                464946,
                500413
            ],
            [
                298832,
                939460
            ],
            [
                191293,
                168707
            ],
            [
                671203,
                1065228
            ],
            [
                1026108,
                228710
            ],
            [
                632179,
                610461
            ],
            [
                261747,
                697828
            ],
            [
                1133056,
                426145
            ],
            [
                603261,
                933209
            ]
        ]
    },
    "as-skitter.txt": {
        "n": 1696414,
        "m": 11095298,
        "slem": 0.9921978397120591,
        "gap": 0.0080216028794094,
        "method": "power",
        "gold_ans": [
            6.046697511298263,
            0.029364984365630772,
            0.11703895493727241,
            0.1316751012531258,
            3.1666471606089392
        ],
        "gold_L": 50,
        "pairs": [
            [
                807917,
                1589545
            ],
            [
                882002,
                84901
            ],
            [
                542987,
                1072220
            ],
            [
                1019064,
                849208
            ],
            [
                1643744,
                636092
            ]
        ]
    },
    "bluesky.txt": {
        "n": 26692837,
        "m": 1654715214,
        "pairs": [],
        "gold_ans":[]
    },
    "friendster.txt": {
        "n": 65608366,
        "m": 1806067135,
        "pairs": [],
        "gold_ans":[]
    },
    "twitter-2010.txt": {
        "n": 41652230,
        "m": 1468364884,